strategy,N_fraud,N_honest,TP,FP,TN,FN,ERR_fraud,ERR_honest,error_rate,precision,precision_bal,recall,fpr,f1,f1_bal,accuracy,mean_score_honest,mean_score_fraud,config,config_kind,recall_ci_lo,recall_ci_hi
hallucinate_entity,20,19,20,5,14,0,0,0,0.0,0.8,0.7917,1.0,0.2632,0.8889,0.8837,0.8718,4.105,1.15,qwen-27b,judge,0.8389,1.0
negate,20,19,20,5,14,0,0,0,0.0,0.8,0.7917,1.0,0.2632,0.8889,0.8837,0.8718,4.105,1.1,qwen-27b,judge,0.8389,1.0
random_topic,20,19,19,5,14,1,0,0,0.0,0.7917,0.7831,0.95,0.2632,0.8636,0.8585,0.8462,4.105,1.2,qwen-27b,judge,0.7639,0.9911
swap_incorrect,20,19,19,5,14,1,0,0,0.0,0.7917,0.7831,0.95,0.2632,0.8636,0.8585,0.8462,4.105,1.3,qwen-27b,judge,0.7639,0.9911
OVERALL,80,19,78,5,14,2,0,0,0.0,0.9398,0.7875,0.975,0.2632,0.9571,0.8713,0.9293,4.105,1.188,qwen-27b,judge,0.9134,0.9931
HARD(negate+swap),40,19,39,5,14,1,0,0,0.0,0.8864,0.7875,0.975,0.2632,0.9286,0.8713,0.8983,4.105,1.2,qwen-27b,judge,0.8712,0.9956
hallucinate_entity,20,19,2,0,3,0,18,16,0.8718,1.0,1.0,1.0,0.0,1.0,1.0,1.0,4.333,1.5,nemotron-120b,judge,0.3424,1.0
negate,20,19,4,0,3,0,16,16,0.8205,1.0,1.0,1.0,0.0,1.0,1.0,1.0,4.333,1.5,nemotron-120b,judge,0.5101,1.0
random_topic,20,19,3,0,3,0,17,16,0.8462,1.0,1.0,1.0,0.0,1.0,1.0,1.0,4.333,1.0,nemotron-120b,judge,0.4385,1.0
swap_incorrect,20,19,4,0,3,0,16,16,0.8205,1.0,1.0,1.0,0.0,1.0,1.0,1.0,4.333,1.25,nemotron-120b,judge,0.5101,1.0
OVERALL,80,19,13,0,3,0,67,16,0.8384,1.0,1.0,1.0,0.0,1.0,1.0,1.0,4.333,1.308,nemotron-120b,judge,0.7719,1.0
HARD(negate+swap),40,19,8,0,3,0,32,16,0.8136,1.0,1.0,1.0,0.0,1.0,1.0,1.0,4.333,1.375,nemotron-120b,judge,0.6756,1.0
hallucinate_entity,20,19,20,3,16,0,0,0,0.0,0.8696,0.8636,1.0,0.1579,0.9302,0.9268,0.9231,3.947,1.3,minimax-m3,judge,0.8389,1.0
negate,20,19,20,3,16,0,0,0,0.0,0.8696,0.8636,1.0,0.1579,0.9302,0.9268,0.9231,3.947,1.1,minimax-m3,judge,0.8389,1.0
random_topic,20,19,19,3,16,1,0,0,0.0,0.8636,0.8575,0.95,0.1579,0.9048,0.9014,0.8974,3.947,1.15,minimax-m3,judge,0.7639,0.9911
swap_incorrect,20,19,18,3,16,2,0,0,0.0,0.8571,0.8507,0.9,0.1579,0.878,0.8747,0.8718,3.947,1.6,minimax-m3,judge,0.699,0.9721
OVERALL,80,19,77,3,16,3,0,0,0.0,0.9625,0.8591,0.9625,0.1579,0.9625,0.9078,0.9394,3.947,1.288,minimax-m3,judge,0.8955,0.9872
HARD(negate+swap),40,19,38,3,16,2,0,0,0.0,0.9268,0.8575,0.95,0.1579,0.9383,0.9014,0.9153,3.947,1.35,minimax-m3,judge,0.835,0.9862
hallucinate_entity,20,19,4,0,1,0,16,18,0.8718,1.0,1.0,1.0,0.0,1.0,1.0,1.0,5.0,1.5,ling-3-flash,judge,0.5101,1.0
negate,20,19,2,0,1,0,18,18,0.9231,1.0,1.0,1.0,0.0,1.0,1.0,1.0,5.0,1.5,ling-3-flash,judge,0.3424,1.0
random_topic,20,19,3,0,1,0,17,18,0.8974,1.0,1.0,1.0,0.0,1.0,1.0,1.0,5.0,1.0,ling-3-flash,judge,0.4385,1.0
swap_incorrect,20,19,3,0,1,0,17,18,0.8974,1.0,1.0,1.0,0.0,1.0,1.0,1.0,5.0,1.333,ling-3-flash,judge,0.4385,1.0
OVERALL,80,19,12,0,1,0,68,18,0.8687,1.0,1.0,1.0,0.0,1.0,1.0,1.0,5.0,1.333,ling-3-flash,judge,0.7575,1.0
HARD(negate+swap),40,19,5,0,1,0,35,18,0.8983,1.0,1.0,1.0,0.0,1.0,1.0,1.0,5.0,1.4,ling-3-flash,judge,0.5655,1.0
hallucinate_entity,20,19,20,1,14,0,0,4,0.1026,0.9524,0.9375,1.0,0.0667,0.9756,0.9677,0.9714,4.075,1.262,panel-majority,panel,0.8389,1.0
negate,20,19,20,1,14,0,0,4,0.1026,0.9524,0.9375,1.0,0.0667,0.9756,0.9677,0.9714,4.075,1.129,panel-majority,panel,0.8389,1.0
random_topic,20,19,19,1,14,1,0,4,0.1026,0.95,0.9344,0.95,0.0667,0.95,0.9421,0.9429,4.075,1.175,panel-majority,panel,0.7639,0.9911
swap_incorrect,20,19,18,1,14,1,1,4,0.1282,0.9474,0.9343,0.9474,0.0667,0.9474,0.9408,0.9412,4.075,1.471,panel-majority,panel,0.7536,0.9906
OVERALL,80,19,77,1,14,2,1,4,0.0505,0.9872,0.936,0.9747,0.0667,0.9809,0.9549,0.9681,4.075,1.259,panel-majority,panel,0.9123,0.993
HARD(negate+swap),40,19,38,1,14,1,1,4,0.0847,0.9744,0.936,0.9744,0.0667,0.9744,0.9548,0.963,4.075,1.3,panel-majority,panel,0.8682,0.9955
hallucinate_entity,20,19,20,1,12,0,0,6,0.1538,0.9524,0.9286,1.0,0.0769,0.9756,0.963,0.9697,4.075,1.262,panel-unanimous,panel,0.8389,1.0
negate,20,19,20,1,12,0,0,6,0.1538,0.9524,0.9286,1.0,0.0769,0.9756,0.963,0.9697,4.075,1.129,panel-unanimous,panel,0.8389,1.0
random_topic,20,19,19,1,12,1,0,6,0.1538,0.95,0.9251,0.95,0.0769,0.95,0.9374,0.9394,4.075,1.175,panel-unanimous,panel,0.7639,0.9911
swap_incorrect,20,19,18,1,12,1,1,6,0.1795,0.9474,0.9249,0.9474,0.0769,0.9474,0.936,0.9375,4.075,1.471,panel-unanimous,panel,0.7536,0.9906
OVERALL,80,19,77,1,12,2,1,6,0.0707,0.9872,0.9269,0.9747,0.0769,0.9809,0.9502,0.9674,4.075,1.259,panel-unanimous,panel,0.9123,0.993
HARD(negate+swap),40,19,38,1,12,1,1,6,0.1186,0.9744,0.9268,0.9744,0.0769,0.9744,0.95,0.9615,4.075,1.3,panel-unanimous,panel,0.8682,0.9955
hallucinate_entity,20,19,20,7,12,0,0,0,0.0,0.7407,0.7308,1.0,0.3684,0.8511,0.8444,0.8205,4.075,1.262,panel-any_fail,panel,0.8389,1.0
negate,20,19,20,7,12,0,0,0,0.0,0.7407,0.7308,1.0,0.3684,0.8511,0.8444,0.8205,4.075,1.129,panel-any_fail,panel,0.8389,1.0
random_topic,20,19,19,7,12,1,0,0,0.0,0.7308,0.7206,0.95,0.3684,0.8261,0.8195,0.7949,4.075,1.175,panel-any_fail,panel,0.7639,0.9911
swap_incorrect,20,19,19,7,12,1,0,0,0.0,0.7308,0.7206,0.95,0.3684,0.8261,0.8195,0.7949,4.075,1.471,panel-any_fail,panel,0.7639,0.9911
OVERALL,80,19,78,7,12,2,0,0,0.0,0.9176,0.7258,0.975,0.3684,0.9455,0.8321,0.9091,4.075,1.259,panel-any_fail,panel,0.9134,0.9931
HARD(negate+swap),40,19,39,7,12,1,0,0,0.0,0.8478,0.7258,0.975,0.3684,0.907,0.8321,0.8644,4.075,1.3,panel-any_fail,panel,0.8712,0.9956
